{
  "strong_uptrend": {
    "factor_weights": {
      "momentum": 0.3323936241458927,
      "quality": 0.28199003072771284,
      "value": 0.21525841122545689,
      "lowvol": 0.127889905330047,
      "liquidity": 0.042468028570890576
    },
    "allocation_fracs": {
      "sip": 0.5817285015165983,
      "booster": 0.0006342936928954907,
      "correction": 0.17248549841056102,
      "cash": 0.24515170637994524
    },
    "alpha": 0.025
  },
  "sideways": {
    "factor_weights": {
      "momentum": 0.12464387627348923,
      "quality": 0.024064977841675713,
      "value": 0.4834406915316052,
      "lowvol": 0.17628083638705233,
      "liquidity": 0.19156961796617766
    },
    "allocation_fracs": {
      "sip": 0.26048253331148485,
      "booster": 0.29557363335294823,
      "correction": 0.20959594122537312,
      "cash": 0.23434789211019375
    },
    "alpha": 0.005
  },
  "correction": {
    "factor_weights": {
      "momentum": 0.31189632180093974,
      "quality": 0.15172200363819965,
      "value": 0.2993773283006914,
      "lowvol": 0.14617602062249474,
      "liquidity": 0.09082832563767455
    },
    "allocation_fracs": {
      "sip": 0.24606394386621283,
      "booster": 0.16664541474746278,
      "correction": 0.5435700510924484,
      "cash": 0.04372059029387621
    },
    "alpha": 0.015
  },
  "severe_bear": {
    "factor_weights": {
      "momentum": 0.01464054162542333,
      "quality": 0.33670909403645927,
      "value": 0.2105156906961909,
      "lowvol": 0.23371856896844645,
      "liquidity": 0.20441610467347998
    },
    "allocation_fracs": {
      "sip": 0.043803843203179225,
      "booster": 0.47868574407214703,
      "correction": 0.33298045183244174,
      "cash": 0.144529960892232
    },
    "alpha": -0.005
  }
}