{
  "strong_uptrend": {
    "factor_weights": {
      "momentum": 0.13457362595689876,
      "quality": 0.4177762496121077,
      "value": 0.008572552224934216,
      "lowvol": 0.2720716842842127,
      "liquidity": 0.1670058879218465
    },
    "allocation_fracs": {
      "sip": 0.44115389583147036,
      "booster": 0.2173186303231307,
      "correction": 0.1832552606625876,
      "cash": 0.1582722131828113
    },
    "alpha": 0.025
  },
  "sideways": {
    "factor_weights": {
      "momentum": 0.10816756610241794,
      "quality": 0.4012483970772594,
      "value": 0.19375645744230702,
      "lowvol": 0.07896307013244833,
      "liquidity": 0.21786450924556738
    },
    "allocation_fracs": {
      "sip": 0.9046329016570193,
      "booster": 0.02382577375480828,
      "correction": 0.0034661650144280215,
      "cash": 0.06807515957374458
    },
    "alpha": 0.005
  },
  "correction": {
    "factor_weights": {
      "momentum": 0.15185453577502944,
      "quality": 0.41125857586587883,
      "value": 0.04932797141848419,
      "lowvol": 0.18654846712792555,
      "liquidity": 0.2010104498126819
    },
    "allocation_fracs": {
      "sip": 0.340904259033221,
      "booster": 0.4155369612617947,
      "correction": 0.21480295227085136,
      "cash": 0.02875582743413297
    },
    "alpha": 0.015
  },
  "severe_bear": {
    "factor_weights": {
      "momentum": 0.22950924969178457,
      "quality": 0.07851280760967431,
      "value": 0.1128697320508066,
      "lowvol": 0.2673354215798538,
      "liquidity": 0.3117727890678807
    },
    "allocation_fracs": {
      "sip": 0.13048217091421593,
      "booster": 0.08176992920653782,
      "correction": 0.46928344000615646,
      "cash": 0.31846445987308974
    },
    "alpha": -0.005
  }
}